title,kicker,link,image,scrape_date,title_word_count,title_char_count,capital_words
"Caesars Virginia sets December 17 for grand opening with Dennis Rodman to attend, several festivities",$750 MILLION RESORT,https://www.yogonet.com/international/news/2024/12/09/88001-caesars-virginia-sets-december-17-for-grand-opening-with-dennis-rodman-to-attend-several-festivities,https://imagenesyogonet.b-cdn.net/data/imagenes/2024/11/08/69826/1731070865-caesars-virginia-danville-render-07.jpg,2024-12-10T10:54:18.560341,15,101,"['Caesars', 'Virginia', 'December', 'Dennis', 'Rodman']"
Alabama Senate leadership change unlikely to increase odds of gambling bill's passage,FACES UPHILL BATTLE IN 2025 SESSION,https://www.yogonet.com/international/news/2024/12/06/87708-alabama-senate-leadership-change-unlikely-to-increase-odds-of-gambling-bill-39s-passage,https://imagenesyogonet.b-cdn.net/data/imagenes/2024/04/02/63050/1712070932-alabama-lawmakers-house.jpg,2024-12-10T10:54:18.560474,12,85,"['Alabama', 'Senate']"
Kentucky: Churchill Downs sets February 12 grand opening date for Owensboro Racing and Gaming,TO HOUSE 600 HHR MACHINES,https://www.yogonet.com/international/news/2024/12/09/87995-kentucky-churchill-downs-sets-february-12-grand-opening-date-for-owensboro-racing-and-gaming,https://imagenesyogonet.b-cdn.net/data/imagenes/2024/02/23/61846/1708695822-churchill-downs-incorporated-plans-owensboro-racing-gaming-02.jpg,2024-12-10T10:54:18.560531,14,93,"['Kentucky:', 'Churchill', 'Downs', 'February', 'Owensboro', 'Racing', 'Gaming']"
American Gaming Association expands Have A Game Plan campaign with new Keep Your Cool pillar,TO PROMOTE RESPONSIBLE SPORTS BETTING,https://www.yogonet.com/international/news/2024/12/09/87695-american-gaming-association-expands-have-a-game-plan-campaign-with-new-keep-your-cool-pillar,https://imagenesyogonet.b-cdn.net/data/imagenes/2023/10/11/58449/1697036737-g2e-2023-bill-miller.jpg,2024-12-10T10:54:18.560564,15,92,"['American', 'Gaming', 'Association', 'Have', 'A', 'Game', 'Plan', 'Keep', 'Your', 'Cool']"
Former MGM chief Jim Murren named chairman of newly formed Resorts World Las Vegas board of directors,"ALEX DIXON TO BE CEO FROM JANUARY 16, 2025",https://www.yogonet.com/international/news/2024/12/06/87703-former-mgm-chief-jim-murren-named-chairman-of-newly-formed-resorts-world-las-vegas-board-of-directors,https://imagenesyogonet.b-cdn.net/data/imagenes/2019/04/29/25143/1625326261-jim-murren-mgm-10.jpg,2024-12-10T10:54:18.560768,17,101,"['Former', 'MGM', 'Jim', 'Murren', 'Resorts', 'World', 'Las', 'Vegas']"
Soft2Bet wins Best iGaming Solutions provider category in Romania,AT REUNION OF GAMBLING PROFESSIONALS,https://www.yogonet.com/international/news/2024/12/09/87998-soft2bet-wins-best-igaming-solutions-provider-category-in-romania,https://imagenesyogonet.b-cdn.net/data/imagenes/2024/12/06/70732/1733508017-soft2bet-ganador-onjn-romania-reunion-profesionales-juego-rumania.jpg,2024-12-10T10:54:18.560872,9,65,"['Soft2Bet', 'Best', 'Solutions', 'Romania']"
FanDuel Casino sponsors free tolls and rides in New Jersey and Pennsylvania,ON DECEMBER 18,https://www.yogonet.com/international/news/2024/12/09/87718-fanduel-casino-sponsors-free-tolls-and-rides-in-new-jersey-and-pennsylvania,https://imagenesyogonet.b-cdn.net/data/imagenes/2024/12/06/70730/1733505671-fanduel-casino-sponsors-free-tolls.jpg,2024-12-10T10:54:18.560928,12,75,"['FanDuel', 'Casino', 'New', 'Jersey', 'Pennsylvania']"
FBM Foundation donates ambulance to enhance Leupapo Inc.’s health services in the Phillipines,PARTNERSHIP WITH LORENZO U. LIMKETKAI FOUNDATION,https://www.yogonet.com/international/news/2024/12/06/87722-fbm-foundation-donates-ambulance-to-enhance-leupapo-incs-health-services-in-the-phillipines,https://imagenesyogonet.b-cdn.net/data/imagenes/2024/12/05/70693/1733419803-fbm-foundation-donacion-ambulancia-leupapo-organizacion-pacientes-padres-leucemia-01.jpg,2024-12-10T10:54:18.561114,13,93,"['FBM', 'Foundation', 'Leupapo', 'Inc.’s', 'Phillipines']"
Five technologies that will transform iGaming in 2025,SLOTEGRATOR ANALYSIS,https://www.yogonet.com/international/news/2024/12/06/87723-five-technologies-that-will-transform-igaming-in-2025,https://imagenesyogonet.b-cdn.net/data/imagenes/2024/12/06/70727/1733501625-slotegrator-5-technologies-that-will-change-igaming-in-2025.jpg,2024-12-10T10:54:18.561356,8,53,['Five']
SOFTSWISS kicks off Excellence Talks in Poland with F1 legend Rubens Barrichello,TO BE HELD QUARTERLY,https://www.yogonet.com/international/news/2024/12/09/87709-softswiss-kicks-off-excellence-talks-in-poland-with-f1-legend-rubens-barrichello,https://imagenesyogonet.b-cdn.net/data/imagenes/2024/12/06/70726/1733499450-softswiss-rubens-barrichello-excellence-talks-evento-03.jpg,2024-12-10T10:54:18.562389,12,80,"['SOFTSWISS', 'Excellence', 'Talks', 'Poland', 'F1', 'Rubens', 'Barrichello']"
DRGT gears up for ICE 2025 Barcelona with range of player-centric solutions,"TO HIGHLIGHT CASHLESS TECH, MARKETING SOLUTIONS",https://www.yogonet.com/international/news/2024/12/09/88002-drgt-gears-up-for-ice-2025-barcelona-with-range-of-playercentric-solutions,https://imagenesyogonet.b-cdn.net/data/imagenes/2024/11/20/70169/1732117363-drgt-dranalytics.jpg,2024-12-10T10:54:18.563067,12,75,"['DRGT', 'ICE', 'Barcelona']"
"""Crash Gambler's fairness scale helps players evaluate a game's fairness simply by examining the scores given""","JURE HODNIK, PRODUCT OPERATIONS SPECIALIST",https://www.yogonet.com/international/news/2024/12/09/86861--34crash-gambler-39s-fairness-scale-helps-players-evaluate-a-game-39s-fairness-simply-by-examining-the-scores-given-34,https://imagenesyogonet.b-cdn.net/data/imagenes/2024/12/06/70712/1733489214-entrevista-jure-hodnik-product-operations-specialist-crash-gambler.jpg,2024-12-10T10:54:18.563250,16,110,"[""Gambler's""]"
Aristocrat Interactive enters Kentucky Lottery market with premium eInstant games,IN PARTNERSHIP WITH IGT GLOBAL SOLUTIONS,https://www.yogonet.com/international/news/2024/12/09/87726-aristocrat-interactive-enters-kentucky-lottery-market-with-premium-einstant-games,https://imagenesyogonet.b-cdn.net/data/imagenes/2024/06/27/65637/1719500036-aristocrat-interactive.jpg,2024-12-10T10:54:18.563397,10,81,"['Aristocrat', 'Interactive', 'Kentucky', 'Lottery']"
Skilrock-sponsored LatAm gaming industry webinar successfully concludes,"EVOLVE, UNIFY, THRIVE: LATAM GAMING EVOLUTION",https://www.yogonet.com/international/news/2024/12/09/87712-skilrocksponsored-latam-gaming-industry-webinar-successfully-concludes,https://imagenesyogonet.b-cdn.net/data/imagenes/2024/12/05/70671/1733405136-skilrock-technologies-ngx-webinar-transformacion-juego-gracias.jpg,2024-12-10T10:54:18.563809,7,71,"['Skilrock-sponsored', 'LatAm']"
Play'n GO receives Malta Gaming Authority's ESG-C Tier 2 Seal for its ESG efforts and reporting,2023 SUSTAINABILITY REPORT,https://www.yogonet.com/international/news/2024/12/09/87721-play-39n-go-receives-malta-gaming-authority-39s-esgc-tier-2-seal-for-its-esg-efforts-and-reporting,https://imagenesyogonet.b-cdn.net/data/imagenes/2024/12/06/70729/1733505670-play-n-go-mga-esg-c-tier-2-certification.jpg,2024-12-10T10:54:18.563995,16,95,"[""Play'n"", 'GO', 'Malta', 'Gaming', ""Authority's"", 'ESG-C', 'Tier', 'Seal', 'ESG']"
DATA.BET partners with Airhead Ventures for betting solution integration,60+ DISCIPLINES WITH UP TO 1-SEC BET DELAYS,https://www.yogonet.com/international/news/2024/12/06/87595-databet-partners-with-airhead-ventures-for-betting-solution-integration,https://imagenesyogonet.b-cdn.net/data/imagenes/2024/12/05/70669/1733404053-alianza-data-bet-airhead-ventures.jpg,2024-12-10T10:54:18.564046,9,72,"['DATA.BET', 'Airhead', 'Ventures']"
Macau Legend accuses Cape Verde of unilateral contract termination in casino project,PLANS LEGAL ACTION,https://www.yogonet.com/international/news/2024/12/06/87713-macau-legend-accuses-cape-verde-of-unilateral-contract-termination-in-casino-project,https://imagenesyogonet.b-cdn.net/data/imagenes/2023/07/05/55993/1688574172-vista-cabo-verde.jpg,2024-12-10T10:54:18.564131,12,84,"['Macau', 'Legend', 'Cape', 'Verde']"
"SAGSE Panama 2025 launches exclusive pre-sale ""with support from industry leaders""",16TH EDITION,https://www.yogonet.com/international/news/2024/12/09/88003-sagse-panama-2025-launches-exclusive-presale-34with-support-from-industry-leaders-34,https://imagenesyogonet.b-cdn.net/data/imagenes/2023/07/07/56049/1688734708-sortis-hotel-spa-casino-panama-01.jpg,2024-12-10T10:54:18.564363,11,82,"['SAGSE', 'Panama']"
Vietnam's new Decree 147 enforces stricter regulations on online gaming industry,TO PROTECT MINORS AND STREAMLINE LICENSING,https://www.yogonet.com/international/news/2024/12/05/87586-vietnam-39s-new-decree-147-enforces-stricter-regulations-on-online-gaming-industry,https://imagenesyogonet.b-cdn.net/data/imagenes/2022/05/23/45831/1653314546-vista-ho-chi-minh-vietnam.jpg,2024-12-10T10:54:18.564443,11,80,"[""Vietnam's"", 'Decree']"
"BMM Innovation Group launches Brazil Hub, a gateway to the country's iGaming and sports betting market","IN PORTUGUESE, ENGLISH, SPANISH",https://www.yogonet.com/international/news/2024/12/06/87691-bmm-innovation-group-launches-brazil-hub-a-gateway-to-the-country-39s-igaming-and-sports-betting-market,https://imagenesyogonet.b-cdn.net/data/imagenes/2024/12/06/70722/1733495957-bmm-testlabs-lanzamiento-brazil-hub-marzia-turrini.jpg,2024-12-10T10:54:18.564536,16,102,"['BMM', 'Innovation', 'Group', 'Brazil', 'Hub,']"
Betfair takes key step in securing Brazilian betting license with $5 million payment,LEGAL OPERATIONS FROM JANUARY 1 2025,https://www.yogonet.com/international/news/2024/12/06/87603-betfair-takes-key-step-in-securing-brazilian-betting-license-with-5-million-payment,https://imagenesyogonet.b-cdn.net/data/imagenes/2021/03/18/35618/1625368204-betfair-mobile.jpg,2024-12-10T10:54:18.564617,13,84,"['Betfair', 'Brazilian']"
Missouri voters approve sports betting measure by narrow margin,CLEARING PATH FOR 2025 ROLLOUT,https://www.yogonet.com/international/news/2024/12/06/87696-missouri-voters-approve-sports-betting-measure-by-narrow-margin,https://imagenesyogonet.b-cdn.net/data/imagenes/2019/06/13/26001/1625329682-apuestas-deportivas-generica-24.jpg,2024-12-10T10:54:18.564858,9,63,['Missouri']
Alpha Affiliates dives into how to thrive in the Australian iGaming market,COMPANY ANALYSIS,https://www.yogonet.com/international/news/2024/12/06/87685-alpha-affiliates-dives-into-how-to-thrive-in-the-australian-igaming-market,https://imagenesyogonet.b-cdn.net/data/imagenes/2024/12/06/70706/1733487756-alpha-affiliates-winning-formula-australia.jpg,2024-12-10T10:54:18.564953,12,74,"['Alpha', 'Affiliates', 'Australian']"
Michigan: Grand Traverse Band announces new gaming facility in Benzie County,TIMELINE YET TO BE ANNOUNCED,https://www.yogonet.com/international/news/2024/12/05/87592-michigan-grand-traverse-band-announces-new-gaming-facility-in-benzie-county,https://imagenesyogonet.b-cdn.net/data/imagenes/2024/12/05/70683/1733412295-turtle-creek-casino-hotel-michigan-02.jpg,2024-12-10T10:54:18.565018,11,76,"['Michigan:', 'Grand', 'Traverse', 'Band', 'Benzie', 'County']"
"UK: Rainbow Casino closes doors suddenly, leaving Bristol with only one casino",IMMEDIATE SHUTDOWN STIRS UNCERTAINTY,https://www.yogonet.com/international/news/2024/12/06/87599-uk-rainbow-casino-closes-doors-suddenly-leaving-bristol-with-only-one-casino-,https://imagenesyogonet.b-cdn.net/data/imagenes/2024/12/05/70685/1733419129-rainbow-casino-bristol.jpg,2024-12-10T10:54:18.565061,12,78,"['UK:', 'Rainbow', 'Casino', 'Bristol']"
Clark County commissioners greenlight north-Strip resort and arena project,LVXP PROJECT COMES WITH NBA ARENA,https://www.yogonet.com/international/news/2024/12/05/87620-clark-county-commissioners-greenlight-northstrip-resort-and-arena-project,https://imagenesyogonet.b-cdn.net/data/imagenes/2024/12/05/70702/1733428760-lvxp-resorts-las-vegas-render-02.jpg,2024-12-10T10:54:18.565252,9,74,"['Clark', 'County']"
AGEM Index sees 8.3% increase in November with Aristocrat as the largest positive contributor,AN INCREASE OF 126.17 POINTS,https://www.yogonet.com/international/news/2024/12/05/87578-agem-index-sees-83-increase-in-november-with-aristocrat-as-the-largest-positive-contributor,https://imagenesyogonet.b-cdn.net/data/imagenes/2024/12/05/70672/1733405309-agem-index-2024-noviembre.jpg,2024-12-10T10:54:18.565332,14,93,"['AGEM', 'Index', 'November', 'Aristocrat']"
Nebraska: Grand Island casino seeing customer influx a year after retail sports betting launch,"OWING TO FOOTBALL, OLYMPICS",https://www.yogonet.com/international/news/2024/12/06/87602-nebraska-grand-island-casino-seeing-customer-influx-a-year-after-retail-sports-betting-launch,https://imagenesyogonet.b-cdn.net/data/imagenes/2023/04/05/53529/1680715152-vincent-fiala-casino-manager-grand-island-casino-resort.jpg,2024-12-10T10:54:18.565422,14,94,"['Nebraska:', 'Grand', 'Island']"
Play’n GO launches new adventure-themed video slot Lion Saga Odyssey,SET IN THE AFRICAN SAVANNAH,https://www.yogonet.com/international/news/2024/12/06/87596-playn-go-launches-new-adventurethemed-video-slot-lion-saga-odyssey,https://imagenesyogonet.b-cdn.net/data/imagenes/2024/12/05/70684/1733415190-play-n-go-lion-saga-odyssey.jpg,2024-12-10T10:54:18.565571,10,68,"['Play’n', 'GO', 'Lion', 'Saga', 'Odyssey']"
"Hector Fernandez appointed as CEO of joint Everi-IGT enterprise, to assume role in Q4 2025",FORMER CEO OF ARISTOCRAT,https://www.yogonet.com/international/news/2024/12/06/87688-hector-fernandez-appointed-as-ceo-of-joint-everiigt-enterprise-to-assume-role-in-q4-2025,https://imagenesyogonet.b-cdn.net/data/imagenes/2022/10/13/49709/1665667769-g2e-2022-1-44-hector-fernandez-aristocrat.jpg,2024-12-10T10:54:18.565874,15,90,"['Hector', 'Fernandez', 'CEO', 'Everi-IGT', 'Q4']"
Brazil Senate delays vote on casino legalization bill to 2025,"BILL 2,234/2022",https://www.yogonet.com/international/news/2024/12/06/87694-brazil-senate-delays-vote-on-casino-legalization-bill-to-2025,https://imagenesyogonet.b-cdn.net/data/imagenes/2024/08/09/66801/1723206126-audiencia-legalizacion-casinos-senado-brasil-01.jpg,2024-12-10T10:54:18.565995,10,61,"['Brazil', 'Senate']"
Kansas and Missouri lawmakers introduce bills to ban smoking in state-owned casinos,STARTING IN 2025,https://www.yogonet.com/international/news/2024/12/06/87609-kansas-and-missouri-lawmakers-introduce-bills-to-ban-smoking-in-stateowned-casinos,https://imagenesyogonet.b-cdn.net/data/imagenes/2023/03/07/52759/1678190980-smoking-fumar-cigarrillo-casino-generica-02.jpg,2024-12-10T10:54:18.566067,12,83,"['Kansas', 'Missouri']"
British Horseracing Authority appoints interim CEO as leadership transitions begin,TO TAKE OVER ON JANUARY 1 2025,https://www.yogonet.com/international/news/2024/12/05/87589-british-horseracing-authority-appoints-interim-ceo-as-leadership-transitions-begin,https://imagenesyogonet.b-cdn.net/data/imagenes/2024/12/05/70686/1733419198-brant-dunshea-interim-ceo-british-horseracing-authority.jpg,2024-12-10T10:54:18.566137,10,82,"['British', 'Horseracing', 'Authority', 'CEO']"
FightScout chosen as winner of Gaming StartUp Challenge 6.0 at BEGE Expo,EVENT HELD IN SOFIA,https://www.yogonet.com/international/news/2024/12/06/87606-fightscout-chosen-as-winner-of-gaming-startup-challenge-60-at-bege-expo,https://imagenesyogonet.b-cdn.net/data/imagenes/2024/12/05/70688/1733419353-bege-gaming-startup-challenge-2024-03.jpg,2024-12-10T10:54:18.566198,12,72,"['FightScout', 'Gaming', 'StartUp', 'Challenge', 'BEGE', 'Expo']"
Spectrum Gaming Group unveils list of top 10 US gambling issues to watch out for in 2025,"MARTKETS, VERTICALS AND MORE",https://www.yogonet.com/international/news/2024/12/09/88034-spectrum-gaming-group-unveils-list-of-top-10-us-gambling-issues-to-watch-out-for-in-2025,https://imagenesyogonet.b-cdn.net/data/imagenes/2023/07/12/56164/1689182882-juego-slots-generica-18.jpg,2024-12-10T10:54:19.448939,17,88,"['Spectrum', 'Gaming', 'Group', 'US']"
Robinhood CEO hints at expanding brokerage platform into sports betting,,https://www.yogonet.com/international/news/2024/12/05/87574-robinhood-ceo-hints-at-expanding-brokerage-platform-into-sports-betting,https://imagenesyogonet.b-cdn.net/data/imagenes/2024/12/05/70670/1733405082-vlad-tenev-ceo-robinhood.jpg,2024-12-10T10:54:25.098372,10,71,"['Robinhood', 'CEO']"
"Kindred's in-house sportsbook goes live in Estonia, the first market launch for the product",,https://www.yogonet.com/international/news/2024/12/05/87491-kindred-39s-inhouse-sportsbook-goes-live-in-estonia-the-first-market-launch-for-the-product,https://imagenesyogonet.b-cdn.net/data/imagenes/2024/12/04/70654/1733334014-kindred-sportsbook.jpg,2024-12-10T10:54:25.831859,14,91,"[""Kindred's"", 'Estonia,']"
Las Vegas Sands CEO Rob Goldstein sells $3.2 million in stock,,https://www.yogonet.com/international/news/2024/12/04/87492-las-vegas-sands-ceo-rob-goldstein-sells-32-million-in-stock,https://imagenesyogonet.b-cdn.net/data/imagenes/2021/07/14/37620/1626271382-robert-goldstein-ceo-las-vegas-sands.jpg,2024-12-10T10:54:26.507970,11,61,"['Las', 'Vegas', 'Sands', 'CEO', 'Rob', 'Goldstein']"
Nevada casinos face 2% revenue decline in October despite record slot performance,MIXED RESULTS FOR THE MONTH,https://www.yogonet.com/international/news/2024/12/05/87573-nevada-casinos-face-2-revenue-decline-in-october-despite-record-slot-performance,https://imagenesyogonet.b-cdn.net/data/imagenes/2020/05/28/31387/1625351283-vista-las-vegas-16-strip-nevada.jpg,2024-12-10T10:54:26.508082,12,81,"['Nevada', 'October']"
MGM Resorts raises resort and parking fees across all its Las Vegas Strip properties,WITH EFFECT FROM 4 DECEMBER,https://www.yogonet.com/international/news/2024/12/05/87474-mgm-resorts-raises-resort-and-parking-fees-across-all-its-las-vegas-strip-properties-,https://imagenesyogonet.b-cdn.net/data/imagenes/2021/09/21/39299/1633371931-mgm-grand-hotel-casino-vegas-05.jpg,2024-12-10T10:54:26.508153,14,84,"['MGM', 'Resorts', 'Las', 'Vegas', 'Strip']"
New Virgin Hotels Las Vegas casino operator approved as labor dispute escalates,C&C 4455 RECEIVES PRELIMINARY APPROVAL,https://www.yogonet.com/international/news/2024/12/05/87579-new-virgin-hotels-las-vegas-casino-operator-approved-as-labor-dispute-escalates,https://imagenesyogonet.b-cdn.net/data/imagenes/2024/08/30/67370/1725033198-culinary-union-226-protestas-virgin-las-vegas-2024-agosto-03.jpg,2024-12-10T10:54:26.508198,12,79,"['New', 'Virgin', 'Hotels', 'Las', 'Vegas']"
"Netherlands: JVH Gaming to close 25 gambling arcades due to rising costs, tax increases",COMPLETE DISCONTINUATION FLAMINGO CASINO,https://www.yogonet.com/international/news/2024/12/05/87484-netherlands-jvh-gaming-to-close-25-gambling-arcades-due-to-rising-costs-tax-increases-,https://imagenesyogonet.b-cdn.net/data/imagenes/2023/12/01/60032/1701439035-juego-slots-generica-19.jpg,2024-12-10T10:54:26.508230,14,87,"['Netherlands:', 'JVH', 'Gaming']"
"70% of authorized gambling companies in Brazil opened in 2024, according to survey",AMID MARKET REGULATION,https://www.yogonet.com/international/news/2024/12/09/88009-70-of-authorized-gambling-companies-in-brazil-opened-in-2024-according-to-survey,https://imagenesyogonet.b-cdn.net/data/imagenes/2023/03/16/53000/1678980947-apuestas-deportivas-generica-29.jpg,2024-12-10T10:54:26.508314,13,82,['Brazil']
New York sports betting revenue hits record $231.6 million revenue in November,TOTAL HANDLE OF $2.27 BILLION,https://www.yogonet.com/international/news/2024/12/09/88019-new-york-sports-betting-revenue-hits-record-2316-million-revenue-in-november-,https://imagenesyogonet.b-cdn.net/data/imagenes/2021/06/03/36814/1625373002-vista-manhattan-nueva-york-02.jpg,2024-12-10T10:54:26.508391,12,78,"['New', 'York', 'November']"
"Montana sports betting handle up 7% Y-o-Y, operators return to positive GGR after disappointing October",MONTANA LOTTERY REPORT,https://www.yogonet.com/international/news/2024/12/05/87570-montana-sports-betting-handle-up-7-yoy-operators-return-to-positive-ggr-after-disappointing-october,https://imagenesyogonet.b-cdn.net/data/imagenes/2024/11/06/69753/1730906583-apuestas-deportivas-generica-40.jpg,2024-12-10T10:54:26.508451,15,103,"['Montana', 'Y-o-Y,', 'GGR', 'October']"
"Ohio sports betting handle reaches $901.4M in October, second-highest total in state history",UP 4.5% FROM PRIOR MONTH,https://www.yogonet.com/international/news/2024/12/02/87255-ohio-sports-betting-handle-reaches-9014m-in-october-secondhighest-total-in-state-history,https://imagenesyogonet.b-cdn.net/data/imagenes/2022/01/10/41812/1641821852-apuestas-online-mobile-adolescentes-generica.jpg,2024-12-10T10:54:26.508552,13,92,"['Ohio', 'October,']"
Pragmatic Play launches holiday-themed slot Gates of Olympus Xmas 1000,"6X5 SLOT, UP TO X1,000 MULTIPLIER",https://www.yogonet.com/international/news/2024/12/02/87265-pragmatic-play-launches-holidaythemed-slot-gates-of-olympus-xmas-1000,https://imagenesyogonet.b-cdn.net/data/imagenes/2024/12/02/70588/1733159197-pragmatic-play-gates-of-olympus-xmas-1000-eng.jpg,2024-12-10T10:54:27.810544,10,70,"['Pragmatic', 'Play', 'Gates', 'Olympus', 'Xmas']"
Balancing regulations and opportunities in 2025: Insights from SOFTSWISS,,https://www.yogonet.com/international/news/2024/11/26/86579-balancing-regulations-and-opportunities-in-2025-insights-from-softswiss,https://imagenesyogonet.b-cdn.net/data/imagenes/2024/11/26/70337/1732624076-softswiss-balancing-regulation-insights-igaming-trends-2025.jpg,2024-12-10T10:54:28.476797,9,72,"['Balancing', 'Insights', 'SOFTSWISS']"
Bank representatives ask Brazil's President Lula to set up a working group on online gambling,BRAZIL,https://www.yogonet.com/international/news/2024/10/18/82328-bank-representatives-ask-brazil-39s-president-lula-to-set-up-a-working-group-on-online-gambling,https://imagenesyogonet.b-cdn.net/data/imagenes/2024/01/12/60843/1705070836-luiz-inacio-lula-da-silva-presidente-brasil-02.jpg,2024-12-10T10:54:29.225955,15,93,"['Bank', ""Brazil's"", 'President', 'Lula']"
Macau legislative committee confirms no plans for online gambling,,https://www.yogonet.com/international/news/2024/10/21/82368-macau-legislative-committee-confirms-no-plans-for-online-gambling,https://imagenesyogonet.b-cdn.net/data/imagenes/2019/05/06/25224/1625326563-vista-macao-casinos.jpg,2024-12-10T10:54:29.922608,9,65,['Macau']
President Claudia Sheinbaum dismisses creation of new casino law,MEXICO,https://www.yogonet.com/international/news/2024/12/09/88014-president-claudia-sheinbaum-dismisses-creation-of-new-casino-law,https://imagenesyogonet.b-cdn.net/data/imagenes/2024/11/26/70341/1732624772-claudia-sheinbaum-presidente-mexico.jpg,2024-12-10T10:54:29.922776,9,64,"['President', 'Claudia', 'Sheinbaum']"
California: Graton Rancheria files lawsuit to halt Koi Nation's $600M casino plan in Sonoma County,FED GOVT. TO DECIDE BY LATE DEC.,https://www.yogonet.com/international/news/2024/12/05/87575-california-graton-rancheria-files-lawsuit-to-halt-koi-nation-39s-600m-casino-plan-in-sonoma-county,https://imagenesyogonet.b-cdn.net/data/imagenes/2021/09/16/39188/1631803741-proyecto-shiloh-resort-casino-koi-nation-03.jpg,2024-12-10T10:54:29.922819,15,98,"['California:', 'Graton', 'Rancheria', 'Koi', ""Nation's"", 'Sonoma', 'County']"
Thailand: MP Chulapong Yukate to submit second alternative bill for casino liberalization,TO BE SUBMITED ON DECEMBER 12,https://www.yogonet.com/international/news/2024/12/04/87478-thailand-mp-chulapong-yukate-to-submit-second-alternative-bill-for-casino-liberalization,https://imagenesyogonet.b-cdn.net/data/imagenes/2024/12/04/70642/1733325008-chulapong-yukate-people-party-list-mp-thailand-01.jpg,2024-12-10T10:54:29.922852,12,89,"['Thailand:', 'MP', 'Chulapong', 'Yukate']"
Sweden approves Gambling Act changes to strengthen data use in tackling illegal activities,AMENDMENTS TARGET GAMBLING INDUSTRY CRIMES,https://www.yogonet.com/international/news/2024/12/04/87364-sweden-approves-gambling-act-changes-to-strengthen-data-use-in-tackling-illegal-activities,https://imagenesyogonet.b-cdn.net/data/imagenes/2018/06/19/19500/1625240643-riksdag-parlamento-sueco.jpg,2024-12-10T10:54:29.922896,13,90,"['Sweden', 'Gambling', 'Act']"
"""Bazoom brings a unique take to the link building industry by offering a transparent marketplace and state-of-the-art experience""","KRISTOFFER KROG, HEAD OF GLOBAL PARTNERSHIPS",https://www.yogonet.com/international/news/2024/12/05/87383--34bazoom-brings-a-unique-take-to-the-link-building-industry-by-offering-a-transparent-marketplace-and-stateoftheart-experience-34,https://imagenesyogonet.b-cdn.net/data/imagenes/2024/12/04/70659/1733340162-kristoffer-krog-sales-manager-north-america-bazoom.jpg,2024-12-10T10:54:29.922969,18,129,[]
"""BGaming Loyalty addresses the iGaming industry's demand for deeper player engagement""","EVGENY RUSH, HEAD OF PRODUCT AT BGAMING",https://www.yogonet.com/international/news/2024/12/03/87355--34bgaming-loyalty-addresses-the-igaming-industry-39s-demand-for-deeper-player-engagement-34,https://imagenesyogonet.b-cdn.net/data/imagenes/2024/12/03/70604/1733233581-evgeny-rush-head-product-bgaming.jpg,2024-12-10T10:54:29.923027,11,86,['Loyalty']
"Aristocrat highlights approach to licensed products at G2E with new NFL, House of the Dragon slots",EXPANSION OF TWO KEY LICENSES,https://www.yogonet.com/international/news/2024/11/06/83456-aristocrat-highlights-approach-to-licensed-products-at-g2e-with-new-nfl-house-of-the-dragon-slots,https://imagenesyogonet.b-cdn.net/data/imagenes/2024/10/16/69059/1729085664-g2e-2024-2-68-stand-aristocrat.jpg,2024-12-10T10:54:29.923098,16,98,"['Aristocrat', 'G2E', 'NFL,', 'House', 'Dragon']"
"""The rise of streamers has transformed the gaming industry, especially in recent years""",INTERVIEW WITH BELATRA'S DMITRY AND STREAMER ALBIE,https://www.yogonet.com/international/news/2024/11/08/84217--34the-rise-of-streamers-has-transformed-the-gaming-industry-especially-in-recent-years-34,https://imagenesyogonet.b-cdn.net/data/imagenes/2024/11/04/69684/1730747838-entrevista-belatra.jpg,2024-12-10T10:54:29.923161,13,87,[]
ICE Barcelona invites industry to nominate organizations for Landmark Awards 2025,,https://www.yogonet.com/international/news/2024/12/09/88008-ice-barcelona-invites-industry-to-nominate-organizations-for-landmark-awards-2025,https://imagenesyogonet.b-cdn.net/data/imagenes/2023/12/14/60367/1702566100-stuart-hunter-managing-director-clarion-gaming.jpg,2024-12-10T10:54:30.614439,11,81,"['ICE', 'Barcelona', 'Landmark', 'Awards']"
GAT Expo Mexico 2025 confirms August 20 and 21 dates for upcoming edition in Mexico City,,https://www.yogonet.com/international/news/2024/12/06/87585-gat-expo-mexico-2025-confirms-august-20-and-21-dates-for-upcoming-edition-in-mexico-city,https://imagenesyogonet.b-cdn.net/data/imagenes/2024/11/27/70414/1732731972-gat-caribe-cancun-2024-3-16-conferencias.jpg,2024-12-10T10:54:35.192244,16,88,"['GAT', 'Expo', 'Mexico', 'August', 'Mexico', 'City']"
Casino Guru Awards adds industry experts Duncan Garvie and Monica Shafaq to panel of judges,,https://www.yogonet.com/international/news/2024/12/06/87610-casino-guru-awards-adds-industry-experts-duncan-garvie-and-monica-shafaq-to-panel-of-judges,https://imagenesyogonet.b-cdn.net/data/imagenes/2024/12/05/70695/1733425918-duncan-garvie-founder-trustee-betblocker-monica-shafaq-ceo-gordon-moody.jpg,2024-12-10T10:54:35.874311,15,91,"['Casino', 'Guru', 'Awards', 'Duncan', 'Garvie', 'Monica', 'Shafaq']"
"SAGSE Latam announces the opening of ""Pavilion Brazil"" in Buenos Aires",,https://www.yogonet.com/international/news/2024/12/04/87459-sagse-latam-announces-the-opening-of-34pavilion-brazil-34-in-buenos-aires,https://imagenesyogonet.b-cdn.net/data/imagenes/2024/10/31/69554/1730400701-casino-brasil-generica.jpg,2024-12-10T10:54:36.552936,11,70,"['SAGSE', 'Latam', 'Brazil""', 'Buenos', 'Aires']"
"EU Parliament passes resolution to support video gaming, safeguard esports from illegal gambling and match-fixing",TO DEVELOP A LONG-TERM STRATEGY,https://www.yogonet.com/international/news/2022/11/16/65058-eu-parliament-passes-resolution-to-support-video-gaming--safeguard-esports-from-illegal-gambling-and-matchfixing,https://imagenesyogonet.b-cdn.net/data/imagenes/2018/10/24/21923/1625250361-esports-generica-07.jpg,2024-12-10T10:54:37.336870,15,113,"['EU', 'Parliament']"
Rivalry allies with Low6 to create new free-to-play esports Pick'em game,,https://www.yogonet.com/international/news/2022/10/31/64843-rivalry-allies-with-low6-to-create-new-freetoplay-esports-pick-39em-game,https://imagenesyogonet.b-cdn.net/data/imagenes/2022/04/28/45247/1651149566-rivalry-mobile-generica.jpg,2024-12-10T10:54:38.055251,11,72,"['Rivalry', 'Low6', ""Pick'em""]"
"Rivalry launches ""industry-first"" same-game parlays for esports",,https://www.yogonet.com/international/news/2023/08/23/68445-rivalry-launches-34industryfirst-34-samegame-parlays-for-esports,https://imagenesyogonet.b-cdn.net/data/imagenes/2023/08/23/57007/1692793030-rivalry-same-game-combo-02-mobile.jpg,2024-12-10T10:54:38.748600,7,63,['Rivalry']
Digitain expands eSports content offering through BETER integration,NEW PARTNERSHIP,https://www.yogonet.com/international/news/2023/07/18/67953-digitain-expands-esports-content-offering-through-beter-integration,https://imagenesyogonet.b-cdn.net/data/imagenes/2023/07/17/56257/1689620346-digitain-beter-acuerdo.jpg,2024-12-10T10:54:39.913254,8,67,"['Digitain', 'BETER']"
EGT achieves WLA Security Control Standard: 2020 Level 2 certification,FOR INTEGRITY IN LOTTERY ACTIVITIES,https://www.yogonet.com/international/news/2024/12/04/87472-egt-achieves-wla-security-control-standard-2020-level-2-certification,https://imagenesyogonet.b-cdn.net/data/imagenes/2024/12/03/70609/1733234589-egt-wla-certification.jpg,2024-12-10T10:54:39.913590,10,70,"['EGT', 'WLA', 'Security', 'Control', 'Standard:', 'Level']"
France: Infiniti Casino group obtains licence to operate the Grasse casino in Alpes-Maritimes,PROPERTY TO OPEN IN JANUARY 2025,https://www.yogonet.com/international/news/2024/12/05/87582-france-infiniti-casino-group-obtains-licence-to-operate-the-grasse-casino-in-alpesmaritimes,https://imagenesyogonet.b-cdn.net/data/imagenes/2024/12/05/70674/1733407295-infiniti-casino-grasse-francia.jpg,2024-12-10T10:54:39.913881,13,93,"['France:', 'Infiniti', 'Casino', 'Grasse', 'Alpes-Maritimes']"
